* Required Fields,*Verplicht veld,
Ask your question,Uw vraag,
Contact Form,Contact formulier,
Ask Question,Stel uw vraag,
Question about:,Vraag over:,
Contacts,Contact,
Contacts Section,Contact afdeling,
Email,Email,
Email Options,Email Instellingen,
Email Sender,Email Afzender,
Email Template,Email Template,
Enable Product Question,Activeer Product Question,
Name,Naam,
Send Emails To,Verstuur emails naar,
Submit,Verstuur,
Telephone,Telefoon,
Unable to submit your request. Please, try again later,Niet mogelijk om uw aanvraag te versturen. Probeer later opnieuw.
Your question was submitted and will be responded to as soon as possible. Thank you for contacting us.,Uw vraag is succesvol verstuurd en wordt zo snel mogelijk beantwoord. Hartelijk dank voor uw aanvraag.,
Ask a question about this product,Vraag stellen over dit product,
