* Required Fields,* Required Fields
Ask your question,Ask your question
Contact Form,Contact Form
Ask Question,Ask Question
Question about:,Question about:
Contacts,Contacts
Contacts Section,Contacts Section
Email,Email
Email Options,Email Options
Email Sender,Email Sender
Email Template,Email Template
Enable Product Question,Enable Product Question
Name,Name
Send Emails To,Send Emails To
Submit,Submit
Telephone,Telephone
"Unable to submit your request. Please, try again later","Unable to submit your request. Please, try again later"
Your question was submitted and will be responded to as soon as possible. Thank you for contacting us.,Your question was submitted and will be responded to as soon as possible. Thank you for contacting us.
Ask a question about this product,Ask a question about this product
